"Key","Issue Type","Parent","Summary","Status","Assignee","Sprint","Start date","Inferred start date","Due date","Inferred due date","Issue color"
"EM-1","Epic","","Authentication","To Do","","","","2025/10/03","","2025/10/05","dark_purple"
"EM-5","Story","EM-1","Forgot Password Page (Frontend)","Done","Prothom Ghosh","EM Sprint 1","","2025/10/03","","2025/10/05","purple"
"EM-7","Story","EM-1","Login Page (Backend)","Done","Nahian","EM Sprint 1","","2025/10/03","","2025/10/05","purple"
"EM-2","Story","EM-1","Login Page (Frontend)","Done","Nahian","EM Sprint 1","","2025/10/03","","2025/10/05","purple"
"EM-4","Story","EM-1","User Database Connection","Done","Prothom Ghosh","EM Sprint 1","","2025/10/03","","2025/10/05","purple"
"EM-6","Story","EM-1","Forgot Password Page (Backend)","Done","Prothom Ghosh","EM Sprint 1","","2025/10/03","","2025/10/05","purple"
"EM-8","Story","EM-1","Sign up Page (Backend)","Done","Al Mahmud","EM Sprint 1","","2025/10/03","","2025/10/05","purple"
"EM-3","Story","EM-1","Signup Page (Frontend)","Done","Al Mahmud","EM Sprint 1","","2025/10/03","","2025/10/05","purple"
"EM-9","Epic","","Cart/Checkout System","To Do","","","","2025/10/09","","2025/10/11","dark_green"
"EM-11","Story","EM-9","Cart (Backend)","Done","Prothom Ghosh","EM Sprint 5","","2025/10/10","","2025/10/11","purple"
"EM-10","Story","EM-9","Cart (Frontend)","Done","Prothom Ghosh","EM Sprint 5","","2025/10/10","","2025/10/11","purple"
"EM-15","Story","EM-9","Payment (Backend)","Done","Nahian","EM Sprint 5","","2025/10/10","","2025/10/11","purple"
"EM-14","Story","EM-9","Payment (Frontend)","Done","Nahian","EM Sprint 5","","2025/10/10","","2025/10/11","purple"
"EM-13","Story","EM-9","Checkout (Backend)","Done","Nahian","EM Sprint 4","","2025/10/09","","2025/10/11","purple"
"EM-12","Story","EM-9","Checkout (Frontend)","Done","Nahian","EM Sprint 4","","2025/10/09","","2025/10/11","purple"
"EM-46","Story","EM-9","service_booking","Done","Prothom Ghosh","EM Sprint 6","","2025/10/10","","2025/10/11","purple"
"EM-16","Story","EM-9","Create purchase Database","Done","Al Mahmud","EM Sprint 6","","2025/10/10","","2025/10/11","purple"
"EM-50","Story","EM-9","Add_to_cart","Done","Prothom Ghosh","EM Sprint 6","","2025/10/10","","2025/10/11","purple"
"EM-17","Epic","","Dashboard/Shop","To Do","","","","2025/10/09","","2025/10/11","dark_purple"
"EM-22","Story","EM-17","Shop/Services Page (Frontend)","Done","Al Mahmud","EM Sprint 5","","2025/10/10","","2025/10/11","purple"
"EM-23","Story","EM-17","Shop/Services Page (Backend)","Done","Al Mahmud","EM Sprint 5","","2025/10/10","","2025/10/11","purple"
"EM-21","Story","EM-17","Profile Page (Backend)","Done","Prothom Ghosh","EM Sprint 4","","2025/10/09","","2025/10/11","purple"
"EM-20","Story","EM-17","Profile Page (Frontend)","Done","Prothom Ghosh","EM Sprint 4","","2025/10/09","","2025/10/11","purple"
"EM-18","Story","EM-17","Home Page (Frontend)","Done","Al Mahmud","EM Sprint 4","","2025/10/09","","2025/10/11","purple"
"EM-19","Story","EM-17","Home Page (Backend)","Done","Al Mahmud","EM Sprint 4","","2025/10/09","","2025/10/11","purple"
"EM-48","Story","EM-17","DashBoard(backend)","Done","Nahian","EM Sprint 6","","2025/10/10","","2025/10/11","purple"
"EM-24","Story","EM-17","Create a inventory and capacity database","Done","Nahian","EM Sprint 6","","2025/10/10","","2025/10/11","purple"
"EM-45","Story","EM-17","shop","Done","Al Mahmud","EM Sprint 6","","2025/10/10","","2025/10/11","purple"
"EM-44","Story","EM-17","shop (backend)","Done","Al Mahmud","EM Sprint 6","","2025/10/10","","2025/10/11","purple"
"EM-47","Story","EM-17","DashBoard(Fronted)","Done","Nahian","EM Sprint 6","","2025/10/10","","2025/10/11","purple"
"EM-49","Story","EM-17","Booking_success","Done","Prothom Ghosh","EM Sprint 6","","2025/10/10","","2025/10/11","purple"
"EM-25","Epic","","Prerequisite","To Do","","","","2025/10/05","","2025/10/11","purple"
"EM-26","Story","EM-25","ER Diagram","Done","Prothom Ghosh","EM Sprint 2","","2025/10/05","","2025/10/06","purple"
"EM-30","Story","EM-25","Data Flow Diagram Level - 0","Done","Nahian","EM Sprint 2","","2025/10/05","","2025/10/06","purple"
"EM-31","Story","EM-25","Class Diagram","Done","Nahian","EM Sprint 2","","2025/10/05","","2025/10/06","purple"
"EM-28","Story","EM-25","UML (Activity Diagram)","Done","Al Mahmud","EM Sprint 2","","2025/10/05","","2025/10/06","purple"
"EM-29","Story","EM-25","UML (Sequence Diagram)","Done","Prothom Ghosh","EM Sprint 2","","2025/10/05","","2025/10/06","purple"
"EM-27","Story","EM-25","UML (Use Case Diagram)","Done","Al Mahmud","EM Sprint 2","","2025/10/05","","2025/10/06","purple"
"EM-42","Story","EM-25","Data Flow Diagram Level - 1","Done","Nahian","EM Sprint 7","","2025/10/10","","2025/10/11","purple"
"EM-43","Story","EM-25","Data Flow Diagram Level - 2","Done","Prothom Ghosh","EM Sprint 7","","2025/10/10","","2025/10/11","purple"
"EM-32","Epic","","UI Mockup","To Do","","","","2025/10/06","","2025/10/08","dark_purple"
"EM-33","Story","EM-32","Login Page (Mockup)","Done","Nahian","EM Sprint 3","","2025/10/06","","2025/10/08","purple"
"EM-40","Story","EM-32","Cart Mockup","Done","Prothom Ghosh","EM Sprint 3","","2025/10/06","","2025/10/08","purple"
"EM-34","Story","EM-32","Signup Mockup","Done","Al Mahmud","EM Sprint 3","","2025/10/06","","2025/10/08","purple"
"EM-35","Story","EM-32","Forgot Password Mockup","Done","Al Mahmud","EM Sprint 3","","2025/10/06","","2025/10/08","purple"
"EM-41","Story","EM-32","Payment Gateway Mockup","Done","Nahian","EM Sprint 3","","2025/10/06","","2025/10/08","purple"
"EM-38","Story","EM-32","Shop Mockup","Done","Al Mahmud","EM Sprint 3","","2025/10/06","","2025/10/08","purple"
"EM-36","Story","EM-32","Home Page Mockup","Done","Nahian","EM Sprint 3","","2025/10/06","","2025/10/08","purple"
"EM-39","Story","EM-32","Service Mockup","Done","Prothom Ghosh","EM Sprint 3","","2025/10/06","","2025/10/08","purple"
"EM-37","Story","EM-32","Profile Mockup ","Done","Prothom Ghosh","EM Sprint 3","","2025/10/06","","2025/10/08","purple"
